timestamp,open,high,low,close,volume
9/27/2000,51.75,52.75,48.25,48.94,7183200
11/9/2011,396.97,400.89,394.23,395.28,19953000
5/20/1998,29.62,29.87,28.75,29.56,1698000
3/31/1998,27.44,27.81,27.25,27.5,2383000
9/24/2018,216.82,221.26,216.63,220.79,27693358
9/17/2002,14.57,15.03,14.57,14.8,7642800
7/16/2013,426.52,430.71,424.17,430.195,7733500
8/19/2010,252.84,253.48,248.68,249.88,15239500
5/19/1999,45.5,45.75,43.5,45.19,2663200
8/4/2003,20.53,21.5,20.28,21.21,4109200
3/28/2002,23.7,23.88,23.46,23.67,1936700
5/6/2016,93.37,93.45,91.85,92.72,43699886
11/25/2003,21.23,21.25,20.614,20.68,4797400
4/29/2008,171.11,175.66,170.25,175.05,32981300
11/7/2017,173.91,175.25,173.6,174.81,23910914
10/2/2012,661.81,666.35,650.65,661.31,22428300
6/13/2011,327.2,328.31,325.07,326.6,11766900
8/4/2008,156.58,157.9,152.91,153.23,21161700
8/3/2017,157.05,157.21,155.02,155.57,26000738
4/18/2013,404.99,405.79,389.742,392.05,23796400
4/3/2017,143.71,144.12,143.05,143.7,19985714
8/6/2002,14.21,15.23,14.08,14.74,4858100
8/26/2002,15.95,15.95,15.16,15.53,3392300
6/2/1998,26.44,27.31,26.0,26.87,1600900
4/20/2000,123.69,124.75,117.06,118.87,6447500
4/6/2010,238.2,240.24,237.0,239.54,15964900
7/22/2005,43.44,44.0,43.39,44.0,10753800
9/18/2000,55.25,60.75,55.06,60.66,7581000
11/25/1998,35.88,36.06,34.94,35.13,2712500
2/10/2011,357.39,360.0,348.0,354.54,33162500
4/25/2005,36.49,37.02,36.11,36.98,26659300
12/8/2000,14.81,15.31,14.44,15.06,7779000
6/18/2004,32.58,33.409,32.43,32.91,7254500
1/2/2008,199.27,200.26,192.55,194.84,38542100
9/2/2004,35.5,35.81,34.83,35.66,7255800
7/23/2001,20.09,20.5,19.51,19.54,4310000
4/24/2014,568.21,570.0,560.73,567.77,27139700
11/17/2016,109.81,110.35,108.83,109.95,27632003
1/5/2015,108.29,108.65,105.41,106.25,64285491
9/13/2013,469.3402,471.8292,464.7,464.9,10672700
11/1/2001,17.65,18.78,17.25,18.59,5589200
7/26/2006,62.0,64.64,61.68,63.87,32086700
10/29/2009,195.0,196.81,192.14,196.35,20366800
2/1/2011,341.3,345.65,340.98,345.03,15236900
6/26/2009,139.79,143.56,139.74,142.44,15692300
4/11/2014,519.0,522.83,517.14,519.61,9704200
7/20/1999,54.56,55.5,52.75,52.88,3947100
2/2/2009,89.1,92.0,88.9,91.51,19937400
6/1/2012,569.16,572.65,560.52,560.99,18606700
2/24/2015,132.94,133.6,131.17,132.17,69228130
8/21/2007,122.21,128.96,121.0,127.57,46537400
6/3/2010,265.18,265.55,260.41,263.12,23218100
2/18/2016,98.84,98.89,96.091,96.26,39020983
1/13/2003,14.9,14.9,14.36,14.63,3195400
10/2/2000,26.69,26.75,23.5,24.25,43299800
11/2/2001,18.52,18.86,18.16,18.57,3521500
9/27/2016,113.0,113.18,112.34,113.09,24607412
10/1/2018,227.95,229.42,226.35,227.26,23600802
8/6/1999,54.06,55.31,53.5,54.13,3888900
3/26/2012,599.79,607.15,595.26,606.98,21276500
4/3/2000,135.5,139.5,129.44,133.31,2933600
6/20/2011,317.355,317.7,310.5,315.32,22880200
9/14/2009,170.83,173.9,170.25,173.72,11500400
5/24/2018,188.77,188.84,186.21,188.15,23233975
5/21/2007,110.31,112.45,110.05,111.98,22853300
11/27/2006,92.51,93.159,89.5,89.54,38387000
12/31/2001,22.51,22.66,21.83,21.9,2460400
5/25/2017,153.73,154.35,153.03,153.87,19044463
6/2/2009,138.99,141.34,138.35,139.49,16293700
4/19/2007,90.19,91.25,89.83,90.27,15211200
9/11/2018,218.01,224.299,216.56,223.85,35749049
4/17/2013,420.27,420.6,398.11,402.8,33752000
2/24/2017,135.91,136.66,135.28,136.66,21776585
5/4/2017,146.52,147.14,145.81,146.53,23275690
7/14/1999,54.5,56.63,54.5,55.94,5576400
6/21/2010,277.69,279.01,268.73,270.17,27731800
8/16/2011,381.52,383.37,376.06,380.48,17812500
4/4/2013,433.76,435.0,425.25,427.72,12801700
3/10/2015,126.41,127.22,123.8,124.51,68856582
4/10/2013,428.1,437.06,426.01,435.69,13426000
4/29/2005,36.15,36.23,35.22,36.06,23986800
5/7/2007,101.08,104.35,101.01,103.92,30769900
7/16/2015,127.74,128.57,127.35,128.51,36222447
10/5/2005,54.33,54.36,52.75,52.7801,21813200
7/1/2005,36.83,36.97,36.29,36.5,8928600
6/19/2000,90.56,97.87,89.81,96.62,3517900
12/2/2010,317.53,319.0,314.89,318.15,16529900
12/1/2005,68.95,71.73,68.81,71.6001,29031900
11/11/2011,386.61,388.7,380.26,384.62,23349500
7/6/2009,138.7,138.99,136.25,138.61,17810300
4/6/2015,124.47,127.51,124.33,127.35,37193975
7/1/2015,126.9,126.94,125.99,126.6,30238811
7/19/2017,150.48,151.42,149.95,151.02,20615419
5/7/2009,132.33,132.39,127.9,129.06,18992000
5/20/2002,24.57,24.93,24.53,24.74,4819900
5/25/2001,23.2,23.29,22.5,22.76,2834700
6/8/2005,36.63,37.25,36.57,36.92,14428800
4/13/2017,141.91,142.38,141.05,141.05,17822880
5/3/2016,94.2,95.74,93.68,95.18,56831277
2/2/2004,22.46,22.81,22.08,22.32,5132700
4/9/2009,118.42,120.0,117.96,119.57,18955600
10/20/2011,400.0,400.35,394.21,395.31,19616800
12/9/2014,110.19,114.3,109.35,114.12,60208036
10/15/2008,103.84,107.0,97.89,97.95,56577700
9/15/2000,57.75,58.19,54.25,55.23,7044900
3/23/2000,142.0,150.38,140.0,141.31,5022900
2/22/2001,19.06,19.37,18.0,18.81,7713600
7/5/2016,95.39,95.4,94.46,94.99,27705210
3/13/2009,96.3,97.2,95.01,95.93,21470300
2/25/2000,114.81,117.0,110.12,110.37,2224500
8/19/2015,116.1,116.52,114.68,115.01,48286510
5/1/2013,444.46,444.93,434.39,439.29,18103900
4/9/2010,241.43,241.89,240.46,241.79,11935100
4/16/2014,518.05,521.09,514.1354,519.01,7670200
3/24/1999,33.25,33.75,32.5,33.69,3572800
8/2/1999,55.63,58.0,55.5,55.75,3236100
1/6/2005,64.685,64.91,63.33,64.55,12599200
5/6/2002,23.35,23.5,22.46,22.65,4458300
4/7/2016,109.95,110.42,108.121,108.54,31801870
1/11/2000,95.94,99.37,90.5,92.75,3942400
7/29/2004,32.5,32.82,32.13,32.64,3967100
5/23/2006,64.86,65.19,63.0,63.15,24800500
11/18/2010,305.2,309.67,304.69,308.43,17660400
3/15/2006,67.82,68.04,65.52,66.23,31857000
10/18/2001,17.29,18.23,17.29,18.0,10938800
12/7/2009,193.32,193.77,188.68,188.95,25527100
3/23/2015,127.12,127.85,126.52,127.21,37709674
7/9/2014,95.44,95.95,94.76,95.39,36436000
8/29/2018,220.15,223.49,219.41,222.98,27254804
5/6/2009,133.33,133.5,130.22,132.5,16912100
7/6/2017,143.02,143.5,142.41,142.73,23374374
11/20/2001,19.82,20.2,19.5,19.53,4939000
2/19/2010,201.86,203.2,201.11,201.67,14838200
2/28/2001,19.37,19.44,18.12,18.25,9075600
9/4/2008,165.86,167.9125,160.81,161.22,26549500
1/23/2008,136.19,140.0,126.14,139.072,120463200
11/26/2008,89.92,95.25,89.85,95.0,32137000
10/8/2001,15.57,16.35,15.5,16.2,3714000
3/4/1998,22.87,24.75,22.87,24.44,7302000
9/14/2011,387.02,392.21,385.76,389.3,19097300
10/9/2018,223.64,227.27,222.2462,226.87,26891029
8/30/2006,67.335,67.82,66.68,66.96,24290800
11/24/2014,116.85,118.77,116.62,118.625,47450824
3/2/2009,89.31,91.2,87.67,87.94,27533200
9/3/1999,71.94,75.25,70.5,73.5,14600600
6/29/2017,144.71,145.13,142.28,143.68,31116980
4/21/2009,118.89,122.14,118.6,121.76,16810200
8/27/1999,62.75,65.0,62.69,64.75,3989600
3/9/2010,218.31,225.0,217.89,223.02,32866400
12/7/2016,109.26,111.19,109.16,111.03,29998719
8/19/2011,362.17,367.0,356.0,356.03,27710300
6/8/2010,253.24,253.8,245.65,249.33,35741800
2/21/2003,14.82,15.06,14.65,15.0,2811500
8/29/2000,57.88,59.44,57.69,59.19,4768400
6/28/2007,122.36,122.49,120.0,120.56,29933700
12/29/2014,113.79,114.77,113.7,113.91,27598920
10/28/2015,116.93,119.3,116.06,119.27,85551352
4/4/2007,94.94,95.14,94.13,94.27,17028000
5/5/2016,94.0,94.07,92.68,93.24,35890500
11/18/2003,21.21,21.34,20.35,20.41,4771300
7/19/2007,140.3,140.81,139.65,140.0,26174700
9/22/2003,22.18,22.5,21.92,22.08,3211100
7/1/2010,254.3,254.8,243.22,248.48,36532000
11/23/2016,111.36,111.51,110.33,111.23,27426394
4/16/2004,29.07,29.31,28.5,29.18,7195200
5/6/2014,601.8,604.4099,594.41,594.41,13377300
6/29/2011,336.04,336.37,331.88,334.04,12590900
2/24/1998,21.31,21.37,20.75,21.31,4076700
9/23/2003,22.02,22.46,21.88,22.43,2365200
5/19/2015,130.69,130.88,129.64,130.07,44633240
3/20/2015,128.25,128.4,125.16,125.9,68695136
11/25/2014,119.07,119.75,117.45,117.6,68840440
10/27/2015,115.4,116.54,113.99,114.55,69884400
7/12/2004,30.01,30.04,28.93,29.14,9136100
7/7/1999,47.38,50.75,47.0,49.88,9813900
3/7/2014,531.09,531.98,526.05,530.44,7883200
2/26/2002,23.91,24.37,23.25,23.67,4645200
10/30/2007,186.18,189.37,184.73,187.0,33550500
9/26/2013,486.0,488.56,483.9,486.22,8472200
8/21/2017,157.5,157.89,155.1101,157.21,26145653
10/15/2014,97.97,99.15,95.18,97.54,100933600
5/14/2008,191.29,192.24,185.57,186.26,32743700
12/30/2016,116.65,117.2,115.43,115.82,30586265
1/2/2013,553.82,555.0,541.63,549.03,20018500
7/14/2003,20.01,20.4,19.87,19.9,3364400
9/21/2006,75.25,76.06,74.02,74.65,28361600
11/28/2000,18.69,19.0,17.94,18.03,4805800
1/10/2014,539.83,540.8,531.11,532.94,10892000
2/19/2015,128.48,129.03,128.33,128.45,37362381
1/4/2012,410.0,414.68,409.28,413.44,9286500
8/4/2015,117.42,117.7,113.25,114.64,124138623
5/31/2011,341.1,347.83,341.0,347.83,14919800
6/25/2013,405.7,407.79,398.83,402.63,11220100
3/14/2005,40.52,40.79,39.52,40.32,21620900
6/13/2013,432.5,437.14,428.75,435.965,10208300
11/2/2005,57.72,60.0,57.6,59.95,30609300
7/30/2007,144.33,145.45,139.57,141.43,39535300
10/17/2000,21.69,21.94,19.69,20.12,10745000
9/2/2010,251.2623,252.17,248.57,252.17,14836700
6/12/2008,181.45,182.6,171.2,173.26,46726200
7/13/1998,31.94,34.13,31.87,33.94,6387400
7/20/2012,613.03,614.44,603.7,604.3,14195400
7/9/2010,256.89,259.9,255.16,259.62,15475800
8/11/2004,31.1,31.13,30.26,31.01,5757000
5/14/2012,562.57,567.51,557.6,558.22,12593800
9/28/2016,113.69,114.64,113.43,113.95,29641085
1/3/2018,172.53,174.55,171.96,172.23,28819653
7/31/2007,142.97,143.48,131.52,131.76,62942600
9/5/2013,500.25,500.68,493.64,495.27,8441700
2/21/2007,85.98,89.49,85.96,89.2,41261200
10/22/1999,77.12,77.25,73.37,73.94,3745600
6/15/2006,57.3,59.74,56.75,59.38,42513700
3/27/2000,137.63,144.75,136.88,139.56,2492700
9/9/2014,99.08,103.08,96.14,97.99,189560600
11/23/2011,374.51,375.84,366.88,366.99,15295400
12/28/2004,63.3,64.25,62.05,64.18,10924200
3/28/2006,59.69,60.14,58.25,58.71,48940100
5/8/2001,25.35,25.45,23.95,24.57,5632800
12/15/2004,65.24,65.46,64.66,65.26,7113600
1/5/2016,105.75,105.85,102.41,102.71,55790992
5/1/2008,175.01,180.0,174.86,180.0,32270600
5/9/2018,186.55,187.4,185.22,187.36,23211241
9/18/2007,139.05,142.85,137.83,140.92,38003200
9/8/2009,172.98,173.14,172.0,172.93,11251700
10/19/2004,48.1,48.35,47.31,47.42,14321300
8/29/2006,66.99,67.26,65.12,66.48,33833300
3/14/2006,65.79,67.32,65.5,67.32,22929300
11/29/2002,15.79,15.88,15.42,15.5,2561300
4/19/2012,600.22,604.732,584.52,587.44,29811400
4/12/2010,242.2,243.07,241.81,242.29,11893800
11/23/2012,567.17,572.0,562.6,571.5,9743800
5/11/2011,349.02,350.0,345.24,347.23,12000000
2/17/2012,503.11,507.77,500.3,502.12,19135900
12/11/2017,169.2,172.89,168.79,172.67,33092051
1/25/2017,120.42,122.1,120.28,121.88,32586673
2/11/2002,23.93,25.0,23.74,24.98,7117900
2/28/2013,444.05,447.87,441.4,441.4,11518400
5/20/2010,241.88,243.85,236.21,237.76,45818400
10/13/1998,38.06,39.19,36.0,38.75,8407400
3/31/2009,105.45,107.45,105.0,105.12,20360000
8/10/2018,207.36,209.1,206.67,207.53,24611202
7/6/2007,133.13,133.34,130.4,132.3,31239100
12/23/2009,201.25,202.38,200.81,202.1,12340200
5/26/2004,28.31,28.78,28.0,28.51,5753000
12/8/2010,319.63,321.02,317.11,321.01,11497700
12/12/2000,15.25,16.0,15.0,15.38,6897500
3/27/1998,26.62,27.31,26.37,26.94,2282100
4/17/2012,578.94,610.0,571.91,609.7,36626000
8/21/2015,110.43,111.9,105.645,105.76,128275471
10/21/2004,47.64,48.13,47.36,47.94,12937600
9/8/2004,35.7,36.57,35.68,36.35,6134400
1/2/2014,555.68,557.03,552.021,553.13,8381600
7/20/2011,396.12,396.27,386.0,386.9,33619300
2/22/2013,449.25,451.6,446.6,450.81,11809100
12/14/2006,89.05,90.0,88.26,88.55,29726100
3/1/2016,97.65,100.77,97.42,100.53,50407147
4/21/2010,258.805,260.25,255.73,259.22,35085400
7/11/2011,356.34,359.77,352.82,354.0,15809800
4/6/1998,27.0,27.0,26.19,26.25,3103500
2/12/2016,94.19,94.5,93.01,93.99,40351381
7/11/2000,57.0,59.25,55.44,56.94,6391000
2/20/2002,23.2,23.2,22.35,23.13,5097200
6/1/2009,136.47,139.99,136.0,139.35,16160700
2/14/2013,464.5199,471.64,464.02,466.59,12688400
10/29/2014,106.65,107.37,106.36,107.34,52687879
9/21/1998,35.69,36.94,35.31,36.94,2641700
7/27/2001,18.75,19.25,18.5,18.96,5966700
8/7/2009,165.49,166.6,164.8,165.51,13834100
8/14/2007,128.29,128.3,123.71,124.03,26393100
10/6/2003,21.67,22.33,21.58,22.29,4791600
11/27/2013,536.3098,546.0,533.4,545.96,12980300
9/22/2016,114.35,114.94,114.0,114.62,31073984
7/21/2009,153.29,153.43,149.75,151.51,31242200
5/3/1999,46.06,50.0,45.75,49.56,13128900
5/2/2016,93.965,94.08,92.4,93.64,48160104
4/12/2018,173.41,175.0,173.04,174.14,22889285
12/9/2013,560.9001,569.58,560.9001,566.43,11446200
12/7/2001,22.46,22.71,22.0,22.54,3634200
10/20/1998,37.94,38.19,36.0,36.06,3411500
3/31/2000,127.44,137.25,126.0,135.81,3612800
7/9/2008,180.25,180.91,174.14,174.25,31992000
12/10/2014,114.41,114.85,111.54,111.95,44565318
2/24/2016,93.98,96.38,93.32,96.1,36255745
3/6/2002,23.48,24.34,22.93,24.07,4039400
9/21/2018,220.78,221.36,217.29,217.66,96246748
7/5/2007,128.8,132.97,128.69,132.75,51894700
9/9/2005,50.04,51.35,49.79,51.31,21987200
2/18/2004,23.18,23.44,23.05,23.26,2529200
9/26/2005,54.03,54.56,53.32,53.84,19520100
4/25/2006,65.97,66.59,65.56,66.17,18895100
4/30/2010,269.31,270.57,261.0,261.09,19373700
10/10/2011,379.09,388.81,378.21,388.81,15804100
10/5/2016,113.4,113.66,112.69,113.05,21453089
6/5/2018,193.065,193.94,192.36,193.31,21565963
5/22/1998,28.75,28.75,27.31,27.87,2380300
8/30/2002,14.73,15.14,14.58,14.75,3455700
4/11/2012,636.2,636.87,623.3422,626.2,24879100
8/25/2016,107.39,107.88,106.68,107.57,25086248
8/24/2006,67.89,68.19,66.27,67.81,23399700
10/15/2003,24.85,25.011,24.581,24.82,10894700
9/28/2000,49.31,53.81,48.13,53.5,17492600
1/5/2007,85.77,86.2,84.4,85.05,29812200
5/6/2003,16.12,17.9,16.108,17.5,27044500
4/13/2000,111.5,120.0,108.5,113.81,4730600
7/30/2010,255.8925,259.7,254.9,257.25,16007500
4/5/2002,24.95,25.19,24.1,24.74,4970500
1/19/2000,105.62,108.75,103.37,106.56,5336100
1/7/2010,211.75,212.0,209.05,210.58,17040400
12/29/1998,41.13,41.5,40.25,40.81,3458500
8/6/2014,94.75,95.48,94.71,94.96,38558000
11/3/2009,187.85,189.52,185.92,188.75,18662200
7/7/2000,52.59,54.81,52.13,54.44,4707200
10/29/2004,51.96,53.2,51.8,52.4,14468200
3/22/2001,20.37,21.75,20.19,21.62,12916100
11/4/2015,123.13,123.82,121.62,122.0,44886050
2/2/2012,455.9,457.17,453.98,455.12,6671300
5/17/2011,332.0,336.14,330.73,336.14,16154800
1/13/2009,88.24,89.7399,86.35,87.71,28514200
9/3/2008,166.84,168.68,164.0,166.96,26244100
8/7/2018,209.32,209.5,206.76,207.11,25587387
6/24/1999,43.63,43.63,42.25,42.31,3869300
1/25/1999,39.25,39.56,38.81,39.38,3440500
1/13/1999,42.88,47.31,42.25,46.5,9355500
3/15/1999,33.31,35.0,33.25,34.06,3144300
5/25/2005,39.5,39.95,39.32,39.78,14143100
3/11/1998,25.12,26.19,24.56,26.12,10842300
12/18/2006,87.625,88.0,84.59,85.47,25770600
10/22/2003,22.94,23.2,22.68,22.76,2885700
4/26/2005,36.78,37.51,36.12,36.19,28946700
10/12/2004,38.5,38.58,37.65,38.29,8217700
7/18/2016,98.7,100.13,98.6,99.83,36493867
10/21/2011,398.1,399.14,390.75,392.87,22187300
3/29/2006,59.13,62.52,57.67,62.33,83815500
11/11/2014,108.7,109.75,108.4,109.7,27442252
4/11/2011,334.06,335.67,330.02,330.8,14248100
2/7/2011,347.89,353.25,347.64,351.88,17322200
9/20/2005,52.99,53.81,52.92,53.19,29279600
7/22/2002,14.75,15.19,14.61,14.92,7694600
3/2/2015,129.25,130.28,128.3,129.09,48096663
7/16/2009,145.76,148.02,145.57,147.52,14056100
6/30/1999,45.69,46.94,44.94,46.31,3064900
2/6/2017,129.13,130.5,128.9,130.29,26845924
1/7/2015,107.2,108.2,106.695,107.75,40105934
8/27/2007,133.3907,134.66,132.1,132.25,25265700
2/10/2004,22.62,23.12,22.44,22.98,4559700
1/12/2016,100.55,100.69,98.8399,99.96,49154227
11/29/2006,93.0,93.15,90.25,91.8,41324400
10/20/2000,19.06,20.37,18.94,19.5,14129700
8/21/2013,503.59,507.15,501.2,502.36,11995700
5/3/2000,118.94,121.25,111.62,115.06,4373200
6/10/2014,94.73,95.05,93.57,94.25,62777000
12/30/2003,21.18,21.5,21.15,21.28,3658100
11/25/2016,111.13,111.87,110.95,111.79,11475922
3/17/2006,64.74,65.54,64.11,64.66,29001500
5/28/1998,26.75,27.87,26.75,27.44,2665100
5/19/2009,126.82,129.31,125.74,127.45,13300800
7/6/2006,57.09,57.4,55.61,55.77,22614600
10/6/2008,91.96,98.78,87.54,98.14,75264900
6/15/2017,143.32,144.4798,142.21,144.29,31348832
11/21/2017,170.78,173.7,170.78,173.14,24875471
4/22/1999,35.06,36.63,35.06,36.38,6608700
11/4/2010,315.45,320.18,315.03,318.27,22946000
5/6/2010,253.83,258.25,199.25,246.25,45923600
2/6/2003,14.36,14.59,14.22,14.43,3199100
3/23/2004,25.92,26.0,25.22,25.29,6884200
8/4/2014,96.37,96.58,95.17,95.59,39958000
5/11/2001,23.01,23.49,22.76,22.85,3625800
1/26/2001,19.5,19.81,19.06,19.56,8621800
10/1/2009,185.35,186.22,180.7,180.8599,18739700
10/16/2017,157.9,160.0,157.65,159.88,23894630
5/3/2017,145.59,147.49,144.27,147.06,45142806
9/21/2001,14.8,16.25,14.68,15.73,10187800
4/26/2006,66.6,68.28,66.4,68.15,25388800
7/26/2012,579.76,580.4,570.36,574.88,14522600
12/9/2015,117.64,117.69,115.08,115.62,46361357
2/1/2017,127.03,130.49,127.01,128.75,111985040
11/26/2014,117.94,119.1,117.83,119.0,40831886
4/10/2015,125.95,127.21,125.26,127.1,40187953
12/21/2001,21.01,21.54,20.8,21.0,4577400
6/21/2005,37.7,38.19,37.38,37.86,13233100
6/12/2013,439.5,441.25,431.5,432.19,9472400
12/12/2011,391.68,393.9,389.45,391.84,10752400
5/1/2012,584.9,596.76,581.23,582.13,21821400
5/10/2004,26.27,26.6,25.94,26.28,4463900
2/3/2012,457.3,460.0,455.56,459.68,10235700
10/31/2018,216.88,220.45,216.62,218.86,38358933
3/28/2012,618.38,621.45,610.31,617.62,23409300
7/13/1999,53.5,54.19,52.88,53.69,2529100
8/17/2006,68.0,68.66,67.18,67.59,20755300
4/16/2018,175.0301,176.19,174.8301,175.82,21578420
8/31/1999,62.59,65.87,62.06,65.25,5665600
11/28/2008,94.7,94.76,91.86,92.67,10634800
8/8/2011,361.69,367.77,353.02,353.21,40851200
2/29/2008,129.75,130.21,124.8,125.02,44838600
10/29/2010,304.23,305.88,300.87,300.98,15375400
7/18/2017,149.2,150.13,148.67,150.08,17713795
5/29/2015,131.23,131.45,129.9,130.28,50884452
8/10/2004,30.39,31.54,30.35,31.52,6268500
1/29/2007,86.3,86.65,85.53,85.94,32202300
2/24/2014,523.15,529.9199,522.42,527.55,10318200
5/30/2006,63.29,63.3,61.2187,61.22,20121500
4/7/1998,25.81,26.0,24.87,25.5,2613400
3/31/2017,143.72,144.27,143.01,143.66,19661651
5/10/2017,153.63,153.94,152.11,153.26,25670456
3/19/2003,15.07,15.15,14.79,14.95,2523500
3/18/1999,34.38,35.63,34.25,35.5,2027500
5/11/2000,101.37,104.25,99.0,102.81,4462000
11/28/2014,119.27,119.4,118.05,118.93,24814402
6/9/2015,126.7,128.08,125.62,127.42,56075420
7/30/2012,590.92,599.44,587.82,595.03,13540800
4/22/2002,24.84,24.93,24.23,24.53,4811200
5/22/2014,606.6,609.85,604.1,607.27,7170000
9/22/1999,69.75,71.62,69.02,70.31,10028300
11/2/2016,111.4,112.35,111.23,111.59,28331709
4/5/1999,36.0,37.88,36.0,37.06,4115500
2/1/2007,86.23,86.27,84.74,84.74,23726500
10/19/2012,631.05,631.77,609.62,609.84,26574500
4/16/1999,35.88,36.06,35.25,35.44,4484100
4/1/2014,537.76,541.87,536.77,541.65,7170000
8/13/2003,19.86,20.34,19.58,20.18,5073200
7/17/2007,138.3,139.6,137.5,138.9099,25355700
2/2/2007,84.12,85.25,83.7,84.75,22197500
6/20/2005,37.85,38.09,37.45,37.61,11561300
10/7/2014,99.43,100.12,98.73,98.75,42094183
4/20/1999,33.88,34.75,33.5,34.06,4677300
3/13/2007,89.41,90.6,88.4,88.4,30996100
11/16/1999,90.0,91.75,88.5,91.19,2088000
1/27/2004,23.03,23.25,22.798,23.07,5483400
7/8/1999,51.13,55.06,50.88,54.5,14509300
2/6/2004,22.45,22.89,22.4,22.71,3452500
5/27/2010,250.6,253.89,249.11,253.35,23795800
8/9/2013,458.64,460.46,453.65,454.45,9530900
1/6/2000,106.12,107.0,95.0,95.0,6856900
12/4/1998,34.31,34.44,32.0,32.75,6440800
10/20/2010,309.0,314.25,306.87,310.53,25772300
12/22/2016,116.35,116.51,115.64,116.29,26085854
5/25/2006,64.26,64.45,63.29,64.33,16549000
1/17/2002,21.97,22.74,21.87,22.48,11796000
12/8/2008,97.28,100.8,95.8,99.72,42326500
1/12/2001,17.87,18.0,17.06,17.19,7560300
12/13/2002,15.14,15.15,14.65,14.79,2942500
2/29/2012,541.56,547.61,535.7,542.44,34000400
6/20/2002,17.17,17.6,16.85,17.11,7082800
8/28/2009,172.27,172.49,168.53,170.05,16203600
12/14/2011,386.7,387.38,377.68,380.19,14531700
6/20/2006,57.61,58.35,57.29,57.47,24034800
7/27/2009,160.17,160.88,157.26,160.1,15475400
10/10/2007,167.55,167.88,165.6,166.79,23842500
3/1/2002,21.93,23.5,21.82,23.45,6232000
6/5/2003,17.45,17.74,17.33,17.64,3669600
1/10/2012,425.9101,426.0,421.5,423.24,9221300
6/12/1998,27.62,28.25,27.37,28.12,1998700
4/29/2011,346.78,353.95,346.666,350.13,35940900
11/17/1999,90.69,94.75,90.0,90.25,3255100
11/10/2005,60.64,61.2,59.01,61.18,23762300
11/16/2004,55.1,55.2,54.48,54.935,5269700
12/15/2014,110.7,111.6,106.35,108.225,67218082
9/11/2012,665.11,670.1,656.5,660.59,17999400
2/21/2012,506.88,514.85,504.12,514.85,21628400
8/24/2017,160.43,160.74,158.55,159.27,19029621
7/8/2003,19.52,20.5,19.49,20.4,4584600
4/19/2006,66.82,67.0,65.47,65.65,38786900
6/20/2001,20.0,21.85,19.98,21.67,7707500
6/30/2011,334.7,336.13,332.84,335.67,11534100
7/13/2016,97.41,97.67,96.84,96.87,25892171
12/17/2004,66.83,67.04,64.9,64.99,13991000
9/28/2017,153.89,154.28,152.7,153.28,21896592
7/15/2004,32.65,33.63,32.11,32.93,31566500
5/14/2003,18.83,18.84,18.43,18.55,6348000
8/27/2010,241.75,242.61,235.56,241.62,19585400
3/3/2009,88.83,90.74,87.88,88.37,25869300
5/6/2008,184.56,187.12,182.18,186.66,32816800
8/11/1999,56.0,59.75,55.94,59.69,7592300
12/17/2007,190.72,192.65,182.98,184.4,36596200
9/17/2012,699.35,699.8,694.61,699.781,14215400
7/6/2016,94.6,95.66,94.37,95.53,30949090
6/19/2008,178.48,182.34,176.8,180.9,28283900
2/26/1999,36.5,37.0,34.5,34.81,5957600
10/17/2012,648.87,652.79,644.0,644.6136,13894200
6/22/2015,127.49,128.06,127.08,127.61,34039345
7/28/2003,21.5,21.505,20.86,20.99,3042100
9/21/2011,419.64,421.59,412.0,412.14,21642000
5/19/2004,27.4,27.5,26.42,26.47,6707000
8/14/2013,497.88,504.25,493.4,498.5,27013300
7/8/2014,96.27,96.8,93.92,95.35,65222000
12/8/1999,116.25,117.87,109.5,110.06,3681700
12/1/2010,315.27,317.75,315.0,316.4,16491100
4/9/1998,25.06,25.87,25.0,25.62,1520600
9/14/2016,108.73,113.03,108.6,111.77,112340318
11/28/2001,20.85,21.21,20.41,20.53,4475200
10/10/2013,491.32,492.38,487.04,489.638,9950100
8/2/2007,136.65,136.96,134.15,136.49,30451600
9/15/2014,102.81,103.05,101.44,101.63,61216500
9/24/2003,22.21,22.31,21.0824,21.32,5380100
2/3/2011,343.8,344.24,338.55,343.44,14064200
4/29/2004,26.45,27.0,25.98,26.77,8228400
8/24/2001,18.0,18.62,17.65,18.57,5184500
6/15/2018,190.03,190.16,188.26,188.84,61719160
3/3/2008,124.44,125.98,118.0,121.73,56894400
7/19/1999,53.94,55.81,52.31,54.44,5011600
7/27/2006,64.505,65.02,62.86,63.4,26251600
6/22/2005,38.26,38.6,38.14,38.55,15175900
4/11/2001,22.98,23.0,21.28,21.8,5966000
10/13/2005,49.44,53.95,49.27,53.74,66627700
12/1/2014,118.81,119.25,111.27,115.07,83814037
5/10/2013,457.97,459.71,450.48,452.97,11959000
11/11/2016,107.12,108.87,106.55,108.43,34143898
6/18/2008,181.0,182.2,177.35,178.75,28981000
6/1/2000,81.75,89.56,80.37,89.12,8070000
1/2/2015,111.39,111.44,107.35,109.33,53204626
2/27/2004,22.96,24.02,22.95,23.92,8372100
1/6/1999,44.13,44.13,41.0,41.75,12040800
8/12/1999,59.06,61.38,58.63,60.0,5947400
12/5/2017,169.06,171.52,168.4,169.64,27008428
6/23/1998,27.44,28.12,27.25,27.81,2063000
11/17/2008,88.48,90.55,87.26,88.14,41518800
2/20/2014,532.99,537.0,529.0,531.15,10923500
2/12/1998,19.12,19.44,19.06,19.37,1819200
1/5/1999,41.94,43.94,41.5,43.31,12590300
10/5/2012,665.2,666.0,651.28,652.59,21214500
4/1/2003,14.2,14.31,14.07,14.16,2756100
9/9/2015,113.76,114.02,109.77,110.15,85010804
8/29/2008,172.96,173.5,169.0401,169.53,21403200
11/8/2002,16.01,16.2,15.52,15.84,3394000
2/4/1998,18.06,18.5,18.0,18.25,1519600
11/20/2006,85.4,87.0,85.2,86.47,20385500
1/11/1999,45.75,46.06,44.88,45.88,5008700
8/13/2018,207.7,210.952,207.7,208.87,25890880
5/2/2002,23.81,24.34,23.6,23.69,4274000
7/17/2014,95.03,95.279,92.57,93.0899,57298000
5/18/2009,123.73,126.7,121.57,126.65,16387200
9/19/2003,22.88,23.05,22.43,22.58,3677800
8/8/2018,206.05,207.81,204.52,207.25,22525487
9/17/1998,36.06,37.13,35.88,36.0,2404400
2/5/2013,444.05,459.74,442.22,457.844,20476700
5/20/2009,127.63,129.21,125.3,125.87,13878000
3/7/2011,361.4,361.67,351.31,355.36,19504400
6/18/2013,431.56,434.9,430.21,431.77,6965200
8/5/2009,165.75,167.39,164.21,165.11,15113700
12/4/2015,115.29,119.25,115.11,119.03,57776977
8/16/2013,500.15,502.94,498.86,502.33,12939500
9/29/2003,21.49,21.67,20.65,21.3,6530400
8/4/2005,42.98,43.0,42.29,42.71,9618000
5/12/1998,30.56,30.75,29.94,30.12,2301900
11/5/1998,38.38,39.38,38.06,38.19,5420700
8/6/2015,115.97,116.5,114.115,115.13,52903040
9/28/1999,61.5,62.0,57.44,59.63,12633600
11/5/2009,192.4,195.0,191.82,194.0301,13742900
10/1/2012,671.5,676.75,656.5,659.39,19414100
11/14/2003,22.48,22.61,21.28,21.46,4233000
11/27/2012,589.55,590.42,580.1,584.78,19047500
12/31/2003,21.35,21.53,21.18,21.37,3115200
4/9/2008,153.31,153.89,150.46,151.44,31192800
12/29/2010,326.22,326.45,325.1,325.29,5826400
2/8/2017,131.35,132.22,131.22,132.04,23004072
5/1/1998,27.5,28.25,26.87,28.0,1643500
8/27/2002,15.71,15.74,14.71,14.85,4682700
5/11/2018,189.49,190.06,187.45,188.59,26212221
7/23/2008,165.15,168.37,161.56,166.26,37920300
12/4/2003,20.94,21.17,20.77,21.15,3177500
11/28/2005,70.72,71.07,69.07,69.66,36375700
6/13/2018,192.42,192.88,190.44,190.7,21638393
2/22/2000,110.12,116.94,106.69,113.81,3770500
8/19/1998,43.5,43.75,41.0,41.0,4339200
1/21/2000,114.25,114.25,110.19,111.31,4427900
8/15/2000,47.25,47.94,46.5,46.69,2039300
3/24/2014,538.42,540.5,535.06,539.19,12703600
10/2/2018,227.25,230.0,226.63,229.28,24788170
5/25/2004,27.5,28.51,27.29,28.41,5713900
6/16/2000,93.5,93.75,89.06,91.19,2710400
8/19/2016,108.77,109.69,108.36,109.36,25368072
5/27/2004,28.48,28.6,27.82,28.17,4213800
4/27/2004,27.24,27.44,26.69,26.94,5069000
8/5/2013,464.69,470.67,462.15,469.45,11387700
9/20/2002,14.62,14.94,14.52,14.87,6299800
2/26/2014,523.61,525.0,515.6,517.35,9864900
1/30/2004,22.74,22.87,22.42,22.56,3308900
1/26/2006,74.53,75.43,71.93,72.33,42192400
1/12/2015,112.6,112.63,108.8,109.25,49650790
4/14/2005,38.81,39.98,36.84,37.26,98328300
10/4/2007,158.0,158.08,153.5,156.24,23462800
6/12/2018,191.385,192.611,191.15,192.28,16911141
1/5/1998,16.5,16.56,15.19,15.88,5820300
4/26/2000,126.62,128.0,120.0,121.31,3276000
5/10/1999,46.75,46.94,44.63,45.25,3508900
2/22/2005,86.3,88.3,85.29,85.29,21773100
11/8/2004,54.53,55.45,53.86,54.38,9409300
5/8/2000,112.09,113.69,110.0,110.12,1650900
8/4/2004,31.19,32.12,31.17,31.79,4937300
12/19/2001,20.58,21.68,20.47,21.62,5177800
11/3/1998,37.38,38.25,37.31,37.81,3307600
2/11/2005,79.86,81.76,78.94,81.21,21447400
11/23/2005,66.88,67.98,66.69,67.11,17351900
12/8/2017,170.49,171.0,168.82,169.37,23096872
2/14/2014,542.47,545.9799,541.21,543.99,9747300
3/2/2016,100.51,100.89,99.64,100.75,33169560
4/24/2017,143.5,143.95,143.18,143.64,17116599
3/12/2009,92.9703,96.58,92.0,96.35,27444900
11/26/2013,524.12,536.14,524.0,533.4,14335100
7/22/2013,429.46,429.75,425.468,426.31,7421300
12/1/2016,110.365,110.94,109.03,109.49,37086862
6/23/2015,127.48,127.61,126.8792,127.03,30268863
11/24/1998,36.13,36.75,35.75,35.94,2854900
4/6/1999,36.81,38.31,36.81,38.0,5612400
1/8/2015,109.23,112.15,108.7,111.89,59364547
10/7/2004,40.54,40.93,39.46,39.62,7609800
10/5/2006,74.53,76.16,74.13,74.83,24424400
1/13/2011,345.16,346.64,343.85,345.68,10599300
8/25/2008,176.15,176.23,171.66,172.55,17300900
6/24/2010,271.0,273.195,268.1,269.0,25509900
3/3/2011,357.19,359.79,355.92,359.56,17885300
3/22/2010,220.47,226.0,220.15,224.75,16300700
3/7/2018,174.94,175.85,174.27,175.03,31703462
1/13/2005,73.65,74.42,69.73,69.8,56512800
12/3/2003,21.54,21.84,20.96,21.03,3416000
4/27/2015,132.31,133.13,131.15,132.65,96954207
9/24/2009,187.2,187.7,182.77,183.82,19674300
5/6/2013,455.71,462.2,454.31,460.71,17737200
4/6/2001,20.8,21.04,19.9,20.59,5801600
1/15/1999,41.81,42.13,40.0,41.31,8982200
4/26/2011,353.62,354.99,349.35,350.42,12100000
3/24/2015,127.23,128.04,126.56,126.69,32842304
10/11/2012,646.5,647.2,628.1,628.1,19502900
12/16/1999,98.0,98.37,94.0,98.31,4141300
11/4/2008,109.99,111.79,106.67,110.99,49952900
2/10/2006,65.13,67.67,62.9,67.31,62874200
12/28/2015,107.59,107.69,106.1807,106.82,26704210
9/8/2005,49.35,50.12,49.14,49.78,25094300
10/13/2015,110.82,112.45,110.68,111.79,33049256
7/24/2000,52.56,52.88,47.5,48.69,7360200
11/13/1998,34.94,36.06,34.69,35.69,7069800
4/20/2006,69.5,70.0,66.2,67.63,59535100
1/8/2007,85.96,86.53,85.28,85.47,28468100
5/2/2001,26.34,26.7,25.76,26.59,6580800
8/23/2007,133.09,133.34,129.76,131.07,30958500
12/8/1998,33.94,33.94,32.0,32.06,6072400
3/21/2016,105.93,107.65,105.1401,105.91,35502678
5/24/2001,23.29,23.3,22.62,23.2,4852800
11/25/2009,205.4,205.65,203.76,204.19,10230500
10/11/2017,155.97,156.98,155.75,156.55,16607693
7/7/2006,55.48,56.55,54.67,55.4,28548600
6/7/2016,99.25,99.87,98.96,99.03,22409450
10/6/2010,289.59,291.99,285.26,289.19,23959600
9/1/2009,167.99,170.0,164.94,165.298,16751000
6/21/2011,316.68,325.8,315.2,325.3,17620800
2/16/2006,69.99,71.01,69.48,70.57,33863400
12/4/2013,565.5,569.19,560.82,565.0,13493200
11/5/2010,317.99,319.57,316.75,317.13,12901900
3/11/2010,223.91,225.5,223.32,225.5,14489300
11/5/2007,185.29,188.96,184.24,186.18,28720600
5/9/2005,37.24,37.45,36.75,36.97,12703400
12/19/2014,112.26,113.24,111.66,111.78,88429770
6/23/2003,19.301,19.69,18.75,19.06,5488600
11/15/2011,380.8,389.5,379.45,388.83,15386100
12/15/2016,115.38,116.73,115.23,115.82,46524544
8/1/2007,133.64,135.38,127.77,135.0,62505600
10/18/2002,14.0,14.35,13.93,14.34,5148200
11/9/2000,19.87,20.5,19.06,20.19,8514900
3/30/1999,35.0,36.38,35.0,35.88,4951100
6/4/2012,561.5,567.5,548.5,564.29,19892700
2/26/2001,19.06,19.69,18.56,19.5,3686400
11/29/2010,315.5,317.48,311.38,316.87,15920900
9/21/2012,702.41,705.07,699.3617,700.095,20413900
11/2/2006,78.915,79.32,78.5,78.98,16624400
11/22/2013,519.52,522.16,518.53,519.8,7990200
10/8/2009,190.66,191.45,188.89,189.27,15650400
12/9/2016,112.31,114.7,112.31,113.95,34402627
7/2/2012,584.73,593.47,583.6,592.52,14289000
4/19/2001,25.55,25.75,23.6,25.72,33458400
8/2/2005,42.89,43.5,42.61,43.19,10602700
8/18/2004,30.51,31.85,30.49,31.74,6511700
1/19/2010,208.33,215.19,207.24,215.04,26071700
1/30/2001,21.56,22.0,20.87,21.75,12364700
8/15/2006,65.34,66.5,64.8,66.45,30762600
11/29/2005,69.99,70.3,67.35,68.1,31836900
4/1/2011,351.11,351.5872,343.3,344.56,14952200
9/7/2004,35.4,36.19,35.23,35.76,5392100
6/4/2013,453.22,454.43,447.39,449.31,10454600
9/7/2007,132.01,132.3,130.0,131.77,51092000
8/28/2015,112.17,113.31,111.54,113.29,53164407
10/12/2007,163.01,167.28,161.8,167.2537,35292000
12/30/2014,113.64,113.92,112.11,112.52,29881477
2/10/2010,195.89,196.6,194.26,195.116,13227200
2/1/2005,77.05,77.77,76.58,77.53,12114200
6/26/2015,127.67,127.99,126.51,126.75,44066841
3/26/2008,140.87,145.74,140.64,145.06,42217300
11/10/2008,100.17,100.4,94.5,95.88,40136500
9/27/2002,14.49,14.85,14.48,14.72,3681300
8/16/2012,631.21,636.76,630.5,636.34,9090500
6/12/2001,19.77,20.69,19.76,20.31,5424900
8/6/1998,35.06,36.88,34.88,36.88,3916200
3/29/2005,42.56,42.83,41.5,41.75,16477000
5/11/2015,127.39,127.56,125.625,126.32,42035757
11/18/1998,35.19,36.0,34.88,35.44,2943400
8/25/2005,46.12,46.49,45.81,46.06,9866200
12/21/1998,35.38,35.63,34.25,35.06,3191500
11/18/2005,65.35,65.43,64.37,64.56,18748600
3/8/2007,88.59,88.72,87.46,88.0,18250400
4/28/2003,13.48,13.96,13.43,13.86,11371400
3/6/2008,124.4899,127.5,120.81,120.93,52632100
6/4/2002,22.88,23.04,22.18,22.78,6211100
3/31/2006,63.24,63.61,62.24,62.72,29119900
4/17/2008,154.18,156.0,153.35,154.49,25152400
7/28/2014,97.82,99.24,97.55,99.02,55318000
10/18/2013,505.99,509.26,505.71,508.89,10376500
10/28/2016,113.87,115.21,113.45,113.72,37861662
5/10/2018,187.74,190.37,187.65,190.04,27989289
5/4/1998,28.87,29.5,28.87,29.06,5099500
5/19/2011,342.08,342.414,338.67,340.53,9327500
2/17/2015,127.49,128.88,126.92,127.83,63152405
4/20/2010,248.54,249.25,242.955,244.59,26368800
9/23/2005,52.1,53.5,51.84,53.2,19944900
6/11/2009,139.55,141.56,138.55,139.95,18743700
1/29/2009,93.09,94.34,92.6,93.0,21168900
6/23/2011,318.94,331.69,318.12,331.23,19991400
5/4/2015,129.5,130.57,128.26,128.7,50988278
6/18/1999,45.38,47.25,45.19,47.13,1857700
6/14/2011,330.0,333.25,329.31,332.44,11948900
6/5/2013,445.65,450.72,443.71,445.11,10378200
3/23/2010,225.64,228.78,224.1,228.36,21515400
7/23/2015,126.2,127.09,125.06,125.16,50999452
4/30/2012,597.8,598.4,583.0,583.98,18076600
9/29/2005,51.23,52.59,50.81,52.34,22744500
2/21/2002,22.92,23.0,21.45,21.5,7977700
9/16/2003,22.21,22.695,22.2,22.36,4803700
7/13/2006,52.03,54.12,51.41,52.25,44639500
12/23/2014,113.23,113.33,112.46,112.54,26028419
3/19/2007,90.24,91.55,89.59,91.13,25462900
6/2/1999,44.5,47.94,44.0,46.56,4652300
11/14/2011,383.5201,385.25,378.2,379.26,15460900
8/16/2000,46.88,49.0,46.81,48.5,2565600
6/9/1999,47.44,48.5,47.44,48.44,3158800
2/27/2008,118.23,123.05,118.09,122.96,52683500
6/27/2014,90.82,92.0,90.77,91.98,64029000
6/8/2012,571.6,580.584,569.0,580.32,12411300
7/26/2016,96.82,97.97,96.42,96.67,56239822
12/16/2015,111.07,111.99,108.8,111.34,56238467
5/4/2009,128.24,132.25,127.68,132.07,21762800
10/8/1998,31.0,31.19,28.5,30.81,6153700
1/4/1999,42.13,42.25,40.0,41.25,8507900
12/3/2002,15.2,15.34,15.1,15.16,4069100
11/30/2000,16.69,17.0,16.12,16.5,14457100
1/8/1999,46.56,46.88,44.0,45.0,6061000
8/30/2016,105.8,106.5,105.5,106.0,24863945
10/14/2008,116.26,116.4,103.14,104.08,70749800
7/22/2011,388.32,395.05,387.75,393.3,18454600
3/28/2008,141.8,144.65,141.6,143.01,25521800
10/4/2001,15.35,16.25,14.99,15.88,7162900
12/7/1999,116.56,118.0,114.0,117.81,3973400
9/19/2016,115.19,116.18,113.25,113.58,47023046
11/2/2004,52.43,54.08,52.4,53.5,13035500
4/27/2005,35.89,36.36,35.51,35.95,21924600
6/3/2014,628.46,638.74,628.25,637.54,10453900
6/19/2013,431.4,431.66,423.0,423.0,11105000
8/9/2006,65.43,65.6,63.4,63.59,34137100
6/7/2017,155.02,155.98,154.48,155.37,20678772
4/27/2000,117.19,127.0,116.58,126.75,2916100
11/21/2013,517.6,521.21,513.67,521.136,9358100
2/3/2006,72.28,72.79,71.04,71.847,24718700
10/12/2001,17.31,18.08,16.86,18.01,5139500
1/9/2015,112.67,113.25,110.21,112.01,53315099
12/14/2007,190.37,200.0,189.54,190.39,24082600
11/6/1998,37.88,38.25,37.25,38.06,7119100
2/12/2015,126.06,127.48,125.57,126.46,74474466
8/2/2012,602.84,610.69,600.25,607.79,11862800
9/20/2016,113.05,114.12,112.51,113.57,34514269
10/3/2013,490.51,492.35,480.7387,483.41,11526900
5/17/2010,254.7,256.18,247.71,254.22,27244100
10/6/2006,74.42,75.04,73.81,74.22,16677100
2/28/2000,110.12,115.0,108.37,113.25,2931500
8/3/2018,207.03,208.74,205.4803,207.99,33447396
1/30/2009,92.62,93.62,90.01,90.13,23267100
2/9/2007,85.88,86.2,83.21,83.27,30733600
3/8/2001,20.69,21.12,20.44,20.81,3658200
8/17/2009,163.55,163.59,159.42,159.59,18727900
1/6/2004,22.25,22.42,21.71,22.09,9095500
2/25/2009,89.86,92.92,89.25,91.16,29751900
8/25/2017,159.65,160.56,159.27,159.86,25015218
1/22/2013,504.56,507.88,496.63,504.77,16483800
6/20/2018,186.35,187.2,185.73,186.5,20628701
9/28/2012,678.75,681.11,666.75,667.105,19111100
9/9/2011,383.93,386.0,375.02,377.48,20171900
2/12/2013,479.51,482.38,467.744,467.9,21751900
5/17/2018,188.0,188.91,186.36,186.99,17294029
10/18/2007,171.5,174.19,171.05,173.5,29417000
1/31/2002,24.16,24.73,24.11,24.72,8365100
1/30/2018,165.525,167.37,164.7,166.97,45137026
4/23/1999,36.25,39.44,36.25,39.19,9346800
11/13/2013,518.0,522.25,516.96,520.634,7043600
2/28/2011,351.24,355.05,351.12,353.21,14395500
12/11/2009,197.78,198.0,193.43,194.67,15349100
2/10/1998,19.12,19.56,19.06,19.44,3768000
11/8/2001,19.63,19.89,18.57,18.71,6109700
4/25/2014,564.53,571.99,563.96,571.94,13938400
8/27/2013,498.0,502.51,486.3,488.59,15149600
3/15/2007,89.96,90.36,89.31,89.57,19982100
8/24/1998,43.44,43.5,40.13,41.19,5448000
5/4/2000,115.12,115.25,110.56,110.69,3567100
3/1/2006,69.0,69.49,68.02,69.1,27279200
6/20/2017,146.87,146.87,144.94,145.01,24572170
10/26/2009,203.67,206.75,200.1,202.48,17297800
5/27/2016,99.44,100.47,99.245,100.35,36341240
12/13/2017,172.5,173.54,172.0,172.27,23142242
6/24/2014,90.75,91.74,90.19,90.28,39036000
3/26/1998,26.75,27.0,26.44,26.56,1812200
4/30/2001,26.7,27.12,24.87,25.49,8835300
2/10/2012,490.96,497.62,488.55,493.42,22546500
7/19/2001,21.23,21.42,19.75,19.96,15377500
4/19/2018,174.95,175.39,172.66,172.8,34808800
8/8/2002,14.77,15.38,14.77,15.3,4059800
7/25/2001,19.12,19.3,17.97,18.47,7926400
7/25/2002,14.93,14.95,14.01,14.36,8559900
9/28/2018,224.79,225.84,224.02,225.74,22929364
9/24/2008,127.27,130.95,125.15,128.71,37393400
8/5/2004,31.75,32.3,31.25,31.39,4366100
9/17/2003,22.37,22.38,21.855,22.12,5167800
7/16/2012,605.12,611.62,605.02,606.91,10759300
11/18/2009,206.54,207.0,204.0,205.96,13368600
2/23/2012,514.54,517.8296,509.5,516.39,20286700
2/19/2002,23.76,23.9,22.48,22.62,6968900
9/17/2001,16.0,17.07,15.73,16.99,8178700
1/4/2008,191.45,193.0,178.89,180.05,51994000
9/28/2009,183.87,186.68,183.33,186.1519,12051600
7/10/2002,17.71,18.17,17.25,17.32,3694300
1/10/2011,338.83,343.23,337.17,342.455,16020000
6/4/2003,17.3,17.79,17.14,17.6,4842900
9/17/2015,115.66,116.49,113.715,113.92,64112641
12/17/2002,14.85,15.19,14.66,15.08,3976100
10/19/1998,36.69,38.06,35.88,37.5,4248000
10/10/2003,23.5,23.81,23.37,23.68,3122100
6/30/2014,92.1,93.725,92.09,92.93,49589000
3/13/2015,124.4,125.3951,122.58,123.59,51827283
6/27/2001,23.83,24.0,22.5,23.34,6680900
4/9/2013,426.36,428.5,422.75,426.98,10950500
1/27/2003,13.68,14.5,13.65,14.13,6989400
8/5/1998,33.75,36.0,33.5,36.0,4054300
6/1/2017,153.17,153.33,152.22,153.18,16180143
9/15/2004,35.2,35.477,34.8,35.2,4154800
7/24/2009,156.95,160.0,156.5,159.986,15655800
4/10/2018,173.0,174.0,171.53,173.25,28614241
5/16/2018,186.07,188.46,186.0,188.18,19183064
8/11/2003,19.82,19.93,19.51,19.66,2450500
6/28/2005,37.49,37.59,37.17,37.31,12510700
3/22/2007,93.73,94.36,93.0,93.96,20053300
1/13/2004,24.7,24.84,23.86,24.12,12125300
2/16/2016,95.02,96.85,94.61,96.64,49057916
6/25/2008,174.5,178.83,173.88,177.39,23016100
10/9/2006,73.8,75.08,73.53,74.63,15650800
3/14/2003,14.68,15.01,14.64,14.78,2733900
6/16/2014,91.51,92.75,91.45,92.2,35561000
12/13/2004,65.74,65.9,64.6,64.91,7054300
12/3/2008,89.4,96.23,88.8,95.9,47810000
6/9/2006,61.18,61.56,59.13,59.52,27708500
1/19/2018,178.61,179.58,177.41,178.46,30827809
8/14/2017,159.32,160.21,158.75,159.85,21754810
7/25/2018,193.0602,194.85,192.43,194.82,16826483
10/26/2010,306.87,309.74,305.65,308.05,14033200
5/30/2000,87.62,88.12,81.75,87.56,6366600
10/10/2018,225.46,226.35,216.05,216.36,41990554
12/17/2010,321.63,321.79,320.23,320.61,13818900
4/20/2009,121.73,122.99,119.16,120.5,16659500
8/24/2012,659.51,669.48,655.55,663.222,15619300
11/7/2007,190.61,192.68,186.13,186.2999,35511700
11/17/2003,21.35,21.37,20.95,21.13,4076000
8/17/2007,122.01,123.5,119.82,122.06,42680800
5/20/2015,130.0,130.98,129.34,130.06,36454932
12/20/2016,116.74,117.5,116.68,116.95,21424965
5/7/2001,25.62,25.76,24.84,24.96,4938400
5/11/2012,565.0,574.47,564.35,566.71,14269500
2/18/2015,127.625,128.78,127.45,128.715,44891737
1/12/1999,46.31,46.63,44.13,46.13,7328000
4/18/2001,21.57,24.08,21.08,22.79,19657900
7/25/2012,574.46,580.8,570.0,574.97,31332600
12/10/2013,563.58,567.88,561.2,565.55,9938200
6/14/1999,46.5,46.63,45.13,45.44,1402500
2/4/2013,453.91,455.94,442.0,442.316,17039900
5/23/2000,90.5,93.37,85.62,85.81,4621300
4/4/2011,344.31,344.6,338.4,341.19,16431600
3/22/2004,25.37,26.17,25.25,25.86,7482700
4/29/2010,263.02,270.0,262.01,268.64,19958600
8/30/2012,670.64,671.554,662.853,663.868,10810700
9/29/2008,119.62,119.68,100.59,105.26,93644900
8/23/2018,214.65,217.05,214.6,215.49,18883224
10/19/2000,19.16,19.81,18.31,18.94,26905800
11/6/2008,101.05,102.78,98.0,99.1,47109800
9/2/2008,172.4,173.5,165.0,166.19,27884400
2/1/2002,24.96,24.96,24.34,24.41,7112600
1/21/2016,97.06,97.88,94.94,96.3,52161463
10/11/2001,16.92,17.74,16.85,17.74,5967200
9/17/1999,77.31,77.75,76.25,76.94,2475700
3/8/2016,100.78,101.76,100.4,101.03,31182194
2/9/2011,355.19,359.0,354.87,358.16,17240900
6/16/2006,58.955,59.19,57.5197,57.56,29932200
8/20/2014,100.44,101.09,99.95,100.57,52612800
11/18/2004,54.3,55.45,54.29,55.39,8199100
10/8/2003,23.25,23.54,22.73,23.06,7654800
11/3/2011,399.07,403.4,395.36,403.07,15763800
5/11/1998,30.87,31.62,30.75,30.94,5937700
7/30/2003,20.77,20.9,20.17,20.28,3099900
10/11/2018,214.52,219.5,212.32,214.45,53124392
5/7/1999,44.63,45.88,42.75,45.88,3881400
10/28/2003,22.56,23.77,22.4,23.72,4494900
9/3/2015,112.49,112.78,110.04,110.37,53233940
4/26/2016,103.91,105.3,103.91,104.35,56016165
3/30/2009,104.51,105.01,102.61,104.49,17957000
11/1/1999,80.0,80.69,77.37,77.62,2487300
9/13/1999,77.06,77.06,74.81,75.0,2250000
9/16/2016,115.12,116.13,114.04,114.92,79886911
2/3/2004,22.3,22.4,22.0,22.26,3228800
7/15/2002,17.43,18.6,16.81,18.23,5285600
3/14/2014,528.79,530.89,523.0,524.69,8471400
5/26/2017,154.0,154.24,153.31,153.61,21632202
9/18/2009,185.83,186.55,184.76,185.02,21485100
5/12/2008,185.12,188.87,182.85,188.16,29234400
10/10/2001,16.1,16.85,15.95,16.82,5495700
9/11/2009,172.91,173.18,170.87,172.16,12462900
12/2/1998,34.13,36.88,33.5,36.0,8593600
3/8/2012,534.69,542.99,532.12,541.99,18444900
6/23/2004,33.0,33.83,32.89,33.7,6979800
10/8/2004,39.55,39.77,38.84,39.06,6414800
7/23/2002,14.9,15.13,14.44,14.47,7140900
12/19/2005,71.11,72.6,71.04,71.38,18903400
3/2/2006,69.02,69.99,68.67,69.61,22331200
3/27/2013,456.46,456.8,450.7301,452.08,11829900
1/7/2014,544.32,545.96,537.925,540.0375,11328900
1/14/2014,538.22,546.73,537.66,546.39,11877200
1/23/2009,86.81,89.87,86.5,88.36,27277500
11/19/2002,15.55,15.75,15.01,15.27,3767000
5/13/2014,592.0,594.54,590.7,593.76,5704900
7/12/2018,189.53,191.41,189.31,191.03,18041131
1/30/2012,445.71,453.9,445.39,453.01,13547900
2/23/2005,86.69,88.45,85.55,88.23,24021100
7/25/2006,61.78,62.09,60.78,61.928,21038200
3/28/2011,353.15,354.32,350.44,350.44,11048400
2/15/2008,126.27,127.08,124.06,124.63,32189300
5/28/2014,626.02,629.83,623.78,624.01,11267200
5/14/2014,592.43,597.4,591.74,593.87,5943000
5/15/2003,18.6,18.85,18.47,18.73,5089200
11/18/2014,113.94,115.69,113.89,115.47,44223978
1/6/2006,75.24,76.7,74.55,76.3,25159200
2/24/2006,72.14,72.89,71.2,71.46,19098000
12/21/2007,190.12,193.9125,189.89,193.91,35498600
9/12/2005,51.1,51.63,50.58,51.4,16171300
4/28/1999,44.63,45.69,43.63,44.06,8526700
7/19/2013,433.1,433.98,424.35,424.95,9597200
7/12/2001,23.3,24.81,23.3,24.36,10978600
9/10/2004,35.66,36.23,35.46,35.87,5857400
12/9/2011,392.85,394.04,391.03,393.62,10606900
12/26/2001,21.35,22.3,21.14,21.49,2614300
2/24/2003,14.86,15.03,13.8,14.74,3218800
4/22/2015,126.99,128.87,126.32,128.62,37654505
6/8/2017,155.25,155.54,154.4,154.99,20771367
9/6/2018,226.23,227.35,221.3,223.1,34289976
2/9/1998,18.37,19.5,18.37,19.19,4416700
5/23/2011,329.97,335.98,329.42,334.4,13700000
10/28/2008,95.43,100.5,92.37,99.91,58361900
5/14/2007,109.62,110.0,108.25,109.36,23283800
5/10/2011,348.89,349.69,346.66,349.45,10074700
6/2/2000,93.75,99.75,89.0,92.56,7079000
1/28/2016,93.79,94.52,92.39,94.09,55678825
10/11/2007,169.49,171.88,153.21,162.23,58714000
10/19/2009,187.85,190.0,185.55,189.86,33651100
1/23/2018,177.3,179.44,176.82,177.04,31702531
3/14/2017,139.3,139.65,138.84,138.99,15309065
12/30/2004,64.81,65.03,64.22,64.8,6166800
5/24/2013,440.85,445.66,440.36,445.15,9863100
1/30/2003,14.98,15.07,14.29,14.32,7268900
1/4/2016,102.61,105.368,102.0,105.35,67649387
5/9/2013,459.81,463.0,455.58,456.77,14231700
12/31/2012,510.53,535.4,509.0,532.1729,23553300
10/16/2007,165.54,170.18,165.15,169.58,38136800
11/1/2004,52.5,53.26,52.04,52.45,10750900
11/12/2014,109.38,111.43,109.37,111.25,46942431
9/20/2018,220.24,222.28,219.15,220.03,26608794
7/11/2016,96.75,97.65,96.73,96.98,23794945
11/11/1999,91.59,92.62,89.87,92.25,2409600
1/3/2014,552.86,553.7,540.43,540.98,14016700
11/18/2016,109.72,110.54,109.66,110.06,28428917
7/23/2009,156.63,158.44,155.56,157.82,18820100
5/21/2001,23.63,23.91,23.05,23.56,8232100
5/29/2003,18.29,18.5,17.9,18.1,5960100
1/7/2002,23.72,24.0,22.75,22.9,7939000
3/9/2015,127.96,129.57,125.06,127.14,88528487
5/1/2002,24.29,24.29,23.36,23.98,3834000
5/2/2017,147.54,148.09,146.84,147.51,39752670
10/2/2002,14.33,14.63,14.1,14.17,4095500
4/29/2002,23.16,24.06,23.09,23.96,4862300
9/16/1998,38.63,38.75,37.0,37.31,2311400
12/19/2000,14.38,15.25,14.0,14.0,6678700
11/13/2017,173.5,174.5,173.4,173.97,16828025
11/17/2005,65.59,65.88,64.25,64.52,24150200
10/23/2002,14.63,14.98,14.5,14.88,3732800
2/17/2011,357.25,360.27,356.52,358.3,18949400
8/3/2009,165.21,166.64,164.87,166.43,14080000
2/27/2014,517.14,528.78,516.05,527.67,10781500
4/4/2008,152.19,154.715,150.75,153.08,30514900
6/14/2005,36.01,36.15,35.75,36.0,12423100
8/11/1998,37.75,41.0,37.38,39.0,15709600
6/13/2008,171.5,174.16,165.31,172.37,48069900
12/30/1998,40.13,41.13,40.0,40.06,2119300
11/6/2012,590.23,590.74,580.09,582.8495,13389900
7/25/2017,151.8,153.84,151.8,152.74,18612649
5/24/2010,247.28,250.9,246.26,246.76,26937100
10/19/2015,110.8,111.75,110.11,111.73,29759153
11/4/2009,190.73,193.85,190.23,190.81,17411800
4/5/2017,144.22,145.46,143.81,144.02,27717854
9/26/2016,111.64,113.39,111.55,112.88,29869442
1/4/2017,115.85,116.51,115.75,116.02,21118116
8/16/2010,247.58,250.01,246.62,247.64,11372500
11/4/1999,82.06,85.37,80.62,83.62,3384700
3/26/2014,546.52,549.0,538.86,539.78,10706000
12/1/2008,91.3,92.27,88.923,88.93,32991700
4/10/2017,143.6,143.8792,142.9,143.17,18933397
7/1/2008,164.05,174.72,164.0,174.68,39688600
5/18/1998,29.37,29.56,28.37,28.5,2074900
9/26/2000,53.31,54.75,51.38,51.44,5195300
4/3/2006,63.66,64.12,62.61,62.65,29135400
4/10/2002,24.21,24.95,24.01,24.66,4017500
1/24/2003,14.24,14.24,13.56,13.8,5454800
3/16/2012,584.72,589.2,578.0,585.57,29481700
9/20/2013,478.0,478.55,466.0,467.41,24975100
12/23/2002,14.16,14.55,14.12,14.49,2246900
6/16/2016,96.45,97.75,96.07,97.55,31326815
1/5/2006,74.83,74.9,73.75,74.38,16050800
10/26/2016,114.31,115.7,113.31,115.59,66134219
2/11/2015,122.77,124.92,122.5,124.88,73561797
5/21/1998,29.56,29.69,28.62,28.87,1169600
8/15/2014,97.9,98.19,96.86,97.98,48951000
5/18/1999,44.81,46.0,44.38,45.25,3735500
3/11/2011,345.33,352.32,345.0,351.99,16824300
9/7/2011,385.56,385.6,382.0,383.93,12520600
5/2/2008,180.31,181.92,178.55,180.94,35931500
5/4/2007,100.8,101.6,100.5,100.81,13642400
12/15/2009,195.83,197.51,193.27,194.17,14980700
8/21/2006,67.3,67.31,66.15,66.56,18793800
3/7/2005,42.8,43.25,42.35,42.75,16094000
4/12/2007,92.04,92.31,90.72,92.19,23452700
8/28/2018,219.01,220.54,218.92,219.7,22776766
11/30/2012,586.79,588.4,582.68,585.28,13975700
1/5/2012,414.95,418.55,412.67,418.03,9688200
4/12/2012,625.0,631.33,620.5,622.77,21940600
10/25/2004,47.19,47.84,47.07,47.55,7011500
4/16/2010,248.57,251.14,244.55,247.4,26805200
6/27/2002,16.79,17.27,16.42,17.06,4493900
10/28/2010,307.95,308.0,300.9,305.24,19680400
11/19/2008,89.44,91.58,86.21,86.29,41853600
8/24/2005,45.6,47.12,45.59,45.77,20431100
4/24/2007,93.96,96.39,91.3,93.24,37687600
1/12/2007,94.59,95.06,93.23,94.62,46881800
